id;profil_id;vorname;nachname
1;Tasty Concrete Bike Berkshire wireless;structure Branding Credit Card Account;Right-sized Baby
2;innovative card;New Zealand Dollar;Regional Wisconsin
3;Ergonomic encryption ADP;Concrete THX;Colorado
4;strategic IB parse;Avon;Steel ubiquitous New York
5;Causeway;Investment Account withdrawal Georgia;quantifying Pants
6;Ergonomic Steel Salad;compress navigating;Toys time-frame
7;Iceland calculating Auto Loan Account;holistic Forges deposit;Customer Accountability
8;Buckinghamshire;hierarchy engineer Zambian Kwacha;mindshare
9;deliverables Towels;Refined Optimized;salmon human-resource Ergonomic Wooden Computer
10;Solutions Directives;Avon indexing;Right-sized
